GeoFIPS,GeoName,Region,TableName,LineCode,IndustryClassification,Description,Unit,2001,2002,2003,2004,2005,2006,2007,2008,2009,2010,2011,2012,2013,2014,2015,2016,2017,2018
 "09000","Connecticut",1,CAGDP9,1,"...","All industry total","Thousands of chained 2012 dollars",220287357,219959405,222240432,237132609,242485352,251581338,261129051,259721896,248040637,247460771,242019540,243800971,241081174,237784257,242910718,242793869,243682541,244925749
 "09000","Connecticut",1,CAGDP9,2,"..."," Private industries","Thousands of chained 2012 dollars",196007963,195262632,197663456,212131810,216706939,225871340,234975638,233209523,222903846,222542472,217235589,219550579,216892287,213684438,218560703,218560450,219628889,221004883
 "09000","Connecticut",1,CAGDP9,3,"11","  Agriculture, forestry, fishing and hunting","Thousands of chained 2012 dollars",561533,548601,515306,503535,565517,567467,464544,473632,552384,502758,387310,409330,414955,371572,461686,467559,461662,457770
 "09000","Connecticut",1,CAGDP9,6,"21","  Mining, quarrying, and oil and gas extraction","Thousands of chained 2012 dollars",308546,295564,323241,272141,227328,243069,237955,159240,131506,165878,129912,155947,159507,196318,297434,395621,223715,230054
 "09000","Connecticut",1,CAGDP9,10,"22","  Utilities","Thousands of chained 2012 dollars",3244417,3175475,3269665,3624931,4043321,4149540,4428919,4856009,4528046,4395648,4171833,4791598,4694229,4665959,4204230,3986028,3974226,4018469
 "09000","Connecticut",1,CAGDP9,11,"23","  Construction","Thousands of chained 2012 dollars",9190759,8465043,8535262,9078994,8982193,8814838,8679868,7793118,7116780,6764244,6562361,6630316,6431557,6246981,6436698,6527591,6403651,6361436
 "09000","Connecticut",1,CAGDP9,12,"31-33","  Manufacturing","Thousands of chained 2012 dollars",28465715,31186032,31733572,37500589,37676753,44301495,45287717,43536591,29802163,30593642,29308784,28980016,29660703,28325984,27897915,25625152,26431638,27003137
 "09000","Connecticut",1,CAGDP9,13,"321,327-339","   Durable goods manufacturing","Thousands of chained 2012 dollars",16148996,14816623,15955752,16151601,16874443,18033040,18292839,18867883,17871561,20298576,19865780,20446379,20673267,19789099,19758271,18566585,19449356,20081158
 "09000","Connecticut",1,CAGDP9,25,"311-316,322-326","   Nondurable goods manufacturing","Thousands of chained 2012 dollars",12019112,16888754,16059471,22439329,21717246,27823354,28620992,25962216,12149200,10332780,9455557,8533637,8987536,8537251,8145039,7076644,7014481,6968050
 "09000","Connecticut",1,CAGDP9,34,"42","  Wholesale trade","Thousands of chained 2012 dollars",12226204,12071605,12774582,13134964,14125217,14846189,15363013,15957442,14383473,15327425,15331356,16059578,16191153,16419140,17174617,16702933,16472000,16459321
 "09000","Connecticut",1,CAGDP9,35,"44-45","  Retail trade","Thousands of chained 2012 dollars",12996554,13400467,13927260,13848130,13945783,13333696,12872475,12400184,11994589,12002131,12132397,12464109,12535088,12664920,12761158,12790879,12965158,13420297
 "09000","Connecticut",1,CAGDP9,36,"48-49","  Transportation and warehousing","Thousands of chained 2012 dollars",3368611,3258925,3436782,3648892,3820479,3961561,4483117,4276126,4034652,3754238,3802552,3838832,3848455,4018256,4416716,4153918,4130777,4343293
 "09000","Connecticut",1,CAGDP9,45,"51","  Information","Thousands of chained 2012 dollars",5834119,6099367,6418218,7046569,8006536,8553062,9866196,10561941,10368475,10466442,10421928,10056048,11569479,11445707,13220637,13896680,13703311,14892005
 "09000","Connecticut",1,CAGDP9,50,"52, 53","  Finance, insurance, real estate, rental, and leasing","Thousands of chained 2012 dollars",62681600,59359164,58162221,64086332,65328931,66371047,71249827,68994182,77817814,75974028,71765410,70261093,66000846,62386662,64542554,66595042,67141361,64770087
 "09000","Connecticut",1,CAGDP9,51,"52","   Finance and insurance","Thousands of chained 2012 dollars",33002610,29287900,29476823,33653265,33919685,36533304,39629373,32392375,39068386,36236142,32391106,33269706,30598813,28521171,31234160,32830814,33502404,30093828
 "09000","Connecticut",1,CAGDP9,56,"53","   Real estate and rental and leasing","Thousands of chained 2012 dollars",29861842,30183244,28819863,30602202,31577896,30034250,31837050,36647178,38941452,39786708,39356893,36991386,35410261,33893721,33231262,33651739,33505421,34693871
 "09000","Connecticut",1,CAGDP9,59,"54, 55, 56","  Professional and business services","Thousands of chained 2012 dollars",26849945,25927014,26624054,26293782,26465991,26781061,28048460,28959913,26361487,26572538,26940033,28680513,28594585,30236270,30536039,30690505,30815467,31740788
 "09000","Connecticut",1,CAGDP9,60,"54","   Professional, scientific, and technical services","Thousands of chained 2012 dollars",15331390,15148432,15160705,15137099,15019685,15011842,15517769,16802645,15511434,15417831,15610316,15880987,15677447,16666108,16947294,17290490,17468970,17934400
 "09000","Connecticut",1,CAGDP9,64,"55","   Management of companies and enterprises","Thousands of chained 2012 dollars",6977828,6168924,6679393,6042313,5830024,5956245,6103852,5663032,5391266,5386343,5509989,6437532,6601955,7015305,7021553,7066244,6702711,6966069
 "09000","Connecticut",1,CAGDP9,65,"56","   Administrative and support and waste management and remediation services","Thousands of chained 2012 dollars",4807075,4718379,4973072,5178395,5631033,5831748,6435754,6490060,5462317,5768903,5820148,6361995,6315681,6557465,6569104,6347475,6623701,6823794
 "09000","Connecticut",1,CAGDP9,68,"61, 62","  Educational services, health care, and social assistance","Thousands of chained 2012 dollars",19095537,19674343,20228052,20890125,21002678,21639140,21840248,23409624,24101382,24268121,24372305,24859369,24806764,25126064,25040874,25123192,25116541,25637015
 "09000","Connecticut",1,CAGDP9,69,"61","   Educational services","Thousands of chained 2012 dollars",3914690,3954895,4185710,4377586,4209952,4322188,4440779,4792394,5242728,5369222,5347227,5393937,5328534,5421039,5408362,5412029,5328027,5462285
 "09000","Connecticut",1,CAGDP9,70,"62","   Health care and social assistance","Thousands of chained 2012 dollars",15173101,15700843,16038035,16513984,16777376,17300125,17386791,18605146,18857280,18900402,19025545,19465431,19478780,19704866,19632096,19711455,19793483,20178206
 "09000","Connecticut",1,CAGDP9,75,"71, 72","  Arts, entertainment, recreation, accommodation, and food services","Thousands of chained 2012 dollars",6979776,7208218,7354172,7481724,7398113,7380474,7006459,7037655,7058107,7261683,7495558,7871420,7619061,7233488,7395052,7551932,7654040,7814482
 "09000","Connecticut",1,CAGDP9,76,"71","   Arts, entertainment, and recreation","Thousands of chained 2012 dollars",2162001,2216914,2365833,2452797,2442564,2406269,2224211,2220353,2319524,2278712,2334465,2542750,2423626,2398518,2184302,2212783,2143262,2216835
 "09000","Connecticut",1,CAGDP9,79,"72","   Accommodation and food services","Thousands of chained 2012 dollars",4821391,4995879,4987025,5024284,4949626,4970720,4783560,4819492,4737447,4983422,5161823,5328670,5195161,4836356,5206233,5333994,5501423,5589594
 "09000","Connecticut",1,CAGDP9,82,"81","  Other services (except government and government enterprises)","Thousands of chained 2012 dollars",5453921,5596688,5400555,5462699,5618041,5614856,5438530,4997002,4702111,4541107,4436491,4492410,4403123,4490139,4456109,4357748,4361295,4498652
 "09000","Connecticut",1,CAGDP9,83,"...","Government and government enterprises","Thousands of chained 2012 dollars",24414568,24890739,24732046,25057724,25852163,25724973,26145814,26517887,25137915,24918599,24782669,24250393,24187459,24094305,24350994,24237220,24064547,23939864
 "09000","Connecticut",1,CAGDP9,87,"11, 21","Natural resources and mining","Thousands of chained 2012 dollars",837375,814461,794139,748421,782949,799377,690590,627718,673664,668005,516936,565277,574403,564315,753375,861044,669636,673132
 "09000","Connecticut",1,CAGDP9,88,"42, 44-45","Trade","Thousands of chained 2012 dollars",25363642,25646022,26869858,27127917,28179346,28237646,28258123,28344367,26380948,27329200,27463644,28523687,28726291,29084260,29936041,29494226,29435072,29869311
 "09000","Connecticut",1,CAGDP9,89,"...","Transportation and utilities","Thousands of chained 2012 dollars",6604131,6425568,6698720,7263657,7852768,8098888,8890523,9124493,8554264,8151407,7966701,8630431,8542335,8679387,8596032,8116327,8081337,8339005
 "09000","Connecticut",1,CAGDP9,90,"...","Manufacturing and information","Thousands of chained 2012 dollars",(NA),(NA),(NA),(NA),(NA),(NA),(NA),(NA),(NA),(NA),(NA),(NA),(NA),(NA),(NA),(NA),(NA),(NA)
 "09000","Connecticut",1,CAGDP9,91,"...","Private goods-producing industries 2/","Thousands of chained 2012 dollars",38088561,40340463,40958155,47348754,47461862,53919652,54657343,51911594,37583140,38014701,36387394,36175608,36664351,35137513,35069346,32994083,33516053,34029362
 "09000","Connecticut",1,CAGDP9,92,"...","Private services-providing industries 3/","Thousands of chained 2012 dollars",157841921,154895483,156682185,164922513,169339352,172270286,180569394,181436279,185331678,184538191,180850955,183374970,180227742,178547079,183498714,185605471,186147049,187007167
 "09001","Fairfield, CT",1,CAGDP9,1,"...","All industry total","Thousands of chained 2012 dollars",77238519,77562792,77230039,81462568,83832207,85708467,89664782,89929011,84105033,82853670,78333135,81498346,79489419,77948626,78667116,77878283,77609152,77951236
 "09001","Fairfield, CT",1,CAGDP9,2,"..."," Private industries","Thousands of chained 2012 dollars",72673872,72852224,72527637,76651661,78974504,80851253,84740169,84999316,79427726,78163691,73786413,77023457,75038597,73329086,73961157,73158640,72914901,73214133
 "09001","Fairfield, CT",1,CAGDP9,3,"11","  Agriculture, forestry, fishing and hunting","Thousands of chained 2012 dollars",67304,(D),(D),(D),(D),(D),(D),(D),(D),(D),(D),(D),59535,42502,95643,47969,98533,157117
 "09001","Fairfield, CT",1,CAGDP9,6,"21","  Mining, quarrying, and oil and gas extraction","Thousands of chained 2012 dollars",13837,13874,19024,20831,12448,14601,12624,8563,6629,13676,13150,11109,12427,15488,19676,21827,15276,14184
 "09001","Fairfield, CT",1,CAGDP9,10,"22","  Utilities","Thousands of chained 2012 dollars",660294,661052,738724,926397,1150297,1361658,1480343,2448896,1866291,1509448,962584,1622318,1366913,1642845,1157097,846852,504111,584782
 "09001","Fairfield, CT",1,CAGDP9,11,"23","  Construction","Thousands of chained 2012 dollars",2930245,(D),(D),(D),(D),(D),(D),(D),(D),(D),(D),(D),1907047,1805482,1906502,1953054,1898129,1904821
 "09001","Fairfield, CT",1,CAGDP9,12,"31-33","  Manufacturing","Thousands of chained 2012 dollars",9497121,11697520,11558346,14821858,14256069,16683052,18603315,21129805,13648913,12976519,12146073,11326824,10455599,10297427,9251872,8050537,7604806,7786228
 "09001","Fairfield, CT",1,CAGDP9,13,"321,327-339","   Durable goods manufacturing","Thousands of chained 2012 dollars",(D),3517966,3862767,3753652,3843132,4140783,4207458,4530582,4611990,5261811,5132457,5180130,5197148,5071859,4883166,4345428,4240599,4349846
 "09001","Fairfield, CT",1,CAGDP9,25,"311-316,322-326","   Nondurable goods manufacturing","Thousands of chained 2012 dollars",(D),8204015,7574354,11338214,10594018,12866419,14881090,17210373,9168896,7738438,7021025,6146694,5258459,5225092,4377992,3717864,3385712,3459141
 "09001","Fairfield, CT",1,CAGDP9,34,"42","  Wholesale trade","Thousands of chained 2012 dollars",5466155,5193993,5264974,5241668,5457026,5515545,5401255,5242857,4490220,4640779,4857433,5654541,6489938,6424923,7196672,6767834,6856755,6683044
 "09001","Fairfield, CT",1,CAGDP9,35,"44-45","  Retail trade","Thousands of chained 2012 dollars",4537505,4540075,4684195,4331548,4389890,3993971,3965180,3813770,3710313,3692624,4027139,4224444,4274532,4319883,4305401,4274866,4205361,4383588
 "09001","Fairfield, CT",1,CAGDP9,36,"48-49","  Transportation and warehousing","Thousands of chained 2012 dollars",975121,905948,916733,948301,1037454,1093625,1805436,1613877,1440718,1082703,1006177,1249524,1081156,1287395,1766505,1520373,1399391,1409053
 "09001","Fairfield, CT",1,CAGDP9,45,"51","  Information","Thousands of chained 2012 dollars",2311700,2408299,2380293,2434018,2650177,2756352,3549615,3907647,4048366,4091155,4126842,3936144,4672676,4499174,5267359,5497426,5579608,6245799
 "09001","Fairfield, CT",1,CAGDP9,50,"52, 53","  Finance, insurance, real estate, rental, and leasing","Thousands of chained 2012 dollars",24110827,23134935,22523788,23849117,25642151,24921133,25194138,21989350,26994822,26911747,23315315,24316863,22311284,20458697,20348646,21219302,21980264,20920281
 "09001","Fairfield, CT",1,CAGDP9,51,"52","   Finance and insurance","Thousands of chained 2012 dollars",14690606,13859903,13453326,13788247,15150401,16255697,16027883,11471870,15882556,15687380,12421711,14288051,12912849,11112965,11223010,12341447,13258083,11971567
 "09001","Fairfield, CT",1,CAGDP9,56,"53","   Real estate and rental and leasing","Thousands of chained 2012 dollars",9426108,9262880,9055346,10015280,10457130,8687136,9182087,10474105,11191612,11285272,10867972,10028812,9403296,9418716,9176246,8849788,8629614,8970968
 "09001","Fairfield, CT",1,CAGDP9,59,"54, 55, 56","  Professional and business services","Thousands of chained 2012 dollars",13255547,12158574,12314011,11824311,12106505,12211152,12636597,12897635,11155299,11257030,11364379,12358003,12408255,12714079,12941886,13095460,12754046,13131663
 "09001","Fairfield, CT",1,CAGDP9,60,"54","   Professional, scientific, and technical services","Thousands of chained 2012 dollars",7223992,6863099,6740686,6655705,6593098,6591188,6692509,7389528,6648217,6547189,6561405,6574325,6550604,6771924,6917388,7178943,7275471,7489305
 "09001","Fairfield, CT",1,CAGDP9,64,"55","   Management of companies and enterprises","Thousands of chained 2012 dollars",4249398,3551409,3765815,3210552,3310689,3303260,3339257,2961513,2592346,2670526,2741185,3315903,3388149,3342382,3385052,3419429,2899255,2975850
 "09001","Fairfield, CT",1,CAGDP9,65,"56","   Administrative and support and waste management and remediation services","Thousands of chained 2012 dollars",1962653,1822203,1922225,1981556,2221550,2329241,2610008,2544164,1917200,2040017,2062255,2467776,2469663,2596758,2635973,2500314,2554135,2639359
 "09001","Fairfield, CT",1,CAGDP9,68,"61, 62","  Educational services, health care, and social assistance","Thousands of chained 2012 dollars",4639601,4810406,4974616,5159588,5220521,5315314,5351105,5800435,5889248,5859599,5880494,5986798,5950631,6026538,6136826,6192184,6190308,6334781
 "09001","Fairfield, CT",1,CAGDP9,69,"61","   Educational services","Thousands of chained 2012 dollars",630992,641798,690448,736148,721622,738330,779748,843271,916714,953447,950486,949355,908719,920929,938546,961731,942938,972805
 "09001","Fairfield, CT",1,CAGDP9,70,"62","   Health care and social assistance","Thousands of chained 2012 dollars",4002495,4160522,4279229,4420531,4493857,4572095,4568494,4953967,4971487,4906444,4930152,5037443,5042271,5105955,5198597,5230010,5248019,5362090
 "09001","Fairfield, CT",1,CAGDP9,75,"71, 72","  Arts, entertainment, recreation, accommodation, and food services","Thousands of chained 2012 dollars",2312188,2418530,2431859,2422148,2120490,2173449,2197431,2385931,2537741,2714981,2748947,2875702,2646434,2480134,2409055,2520062,2597935,2659504
 "09001","Fairfield, CT",1,CAGDP9,76,"71","   Arts, entertainment, and recreation","Thousands of chained 2012 dollars",1016722,1047705,1072834,954972,859351,890465,861639,945933,1006503,991108,990078,1152415,1099951,1112503,957702,940685,954599,970921
 "09001","Fairfield, CT",1,CAGDP9,79,"72","   Accommodation and food services","Thousands of chained 2012 dollars",1287185,1363112,1350020,1467200,1259233,1280239,1336017,1439593,1530772,1724598,1759793,1723287,1546769,1369284,1450227,1576326,1639548,1684368
 "09001","Fairfield, CT",1,CAGDP9,82,"81","  Other services (except government and government enterprises)","Thousands of chained 2012 dollars",1873784,1926518,1800425,1720061,1712067,1711945,1688419,1598626,1500212,1461193,1451664,1493809,1434619,1416822,1378257,1308080,1331384,1377100
 "09001","Fairfield, CT",1,CAGDP9,83,"...","Government and government enterprises","Thousands of chained 2012 dollars",4573129,4732199,4724916,4825089,4867519,4862793,4925753,4930749,4678585,4690403,4545808,4474889,4450298,4615925,4701536,4714108,4688884,4731325
 "09001","Fairfield, CT",1,CAGDP9,87,"11, 21","Natural resources and mining","Thousands of chained 2012 dollars",80066,(D),(D),(D),(D),(D),(D),(D),(D),(D),(D),(D),72088,57893,114399,71228,110428,163437
 "09001","Fairfield, CT",1,CAGDP9,88,"42, 44-45","Trade","Thousands of chained 2012 dollars",10018754,9763155,9984139,9587391,9855469,9498962,9358305,9047384,8200670,8332928,8884382,9878984,10765410,10745444,11502827,11043522,11063906,11062879
 "09001","Fairfield, CT",1,CAGDP9,89,"...","Transportation and utilities","Thousands of chained 2012 dollars",1660593,1589110,1673970,1885763,2195559,2462827,3291815,4081031,3312368,2601787,1964307,2871842,2448012,2930377,2909961,2358552,1905904,1993825
 "09001","Fairfield, CT",1,CAGDP9,90,"...","Manufacturing and information","Thousands of chained 2012 dollars",11853551,14027822,13861766,16970285,16717827,19133635,21919580,24749610,17665694,17052098,16271569,15262969,15120322,14791213,14451853,13422202,13032369,13823799
 "09001","Fairfield, CT",1,CAGDP9,91,"...","Private goods-producing industries 2/","Thousands of chained 2012 dollars",12486273,14695726,14507993,17948454,17449199,19934430,21508362,23485582,15811468,14994219,14074135,13305311,12435563,12159911,11277414,10108249,9636049,9857651
 "09001","Fairfield, CT",1,CAGDP9,92,"...","Private services-providing industries 3/","Thousands of chained 2012 dollars",59812571,57896230,57752900,58638645,61358777,60946890,63331985,61804738,63633924,63181273,59721849,63718146,62601271,61167556,62679224,63050993,63281668,63359366
 "09003","Hartford, CT",1,CAGDP9,1,"...","All industry total","Thousands of chained 2012 dollars",62115340,59134806,60480192,65645608,67116654,69850266,74052054,73787709,73327028,74336923,73747717,73579121,72242086,72293639,75812380,75841426,76345801,75991079
 "09003","Hartford, CT",1,CAGDP9,2,"..."," Private industries","Thousands of chained 2012 dollars",54788842,51781237,53239654,58368217,59608343,62386543,66495416,66148940,66091156,67209403,66831567,66689896,65330967,65229442,68670890,68749353,69400989,69101069
 "09003","Hartford, CT",1,CAGDP9,3,"11","  Agriculture, forestry, fishing and hunting","Thousands of chained 2012 dollars",83009,(D),(D),(D),(D),(D),(D),26618,24616,43770,46014,23571,5578,33484,13525,76849,58330,11574
 "09003","Hartford, CT",1,CAGDP9,6,"21","  Mining, quarrying, and oil and gas extraction","Thousands of chained 2012 dollars",43939,40369,59397,45134,33054,31377,28772,16244,14069,17803,15103,17282,18023,19832,24271,33684,17074,7473
 "09003","Hartford, CT",1,CAGDP9,10,"22","  Utilities","Thousands of chained 2012 dollars",533751,495551,463252,516234,528193,316594,333233,419363,356727,331164,300080,351830,330103,315275,230921,209396,189051,155227
 "09003","Hartford, CT",1,CAGDP9,11,"23","  Construction","Thousands of chained 2012 dollars",2111632,(D),(D),(D),(D),(D),(D),1873214,1736957,1676843,1710059,1453223,1361921,1332531,1518218,1449256,1441421,1438343
 "09003","Hartford, CT",1,CAGDP9,12,"31-33","  Manufacturing","Thousands of chained 2012 dollars",7278931,6944956,7579685,7764801,8196655,9649475,9526916,8786277,7279843,8228185,8114995,8512156,8541279,7915350,8406812,7671468,8205731,8447218
 "09003","Hartford, CT",1,CAGDP9,13,"321,327-339","   Durable goods manufacturing","Thousands of chained 2012 dollars",6044910,5602962,6098992,6102245,6380685,6834576,(D),(D),(D),(D),(D),(D),7439084,6789742,7089295,6410407,6884987,7143999
 "09003","Hartford, CT",1,CAGDP9,25,"311-316,322-326","   Nondurable goods manufacturing","Thousands of chained 2012 dollars",1240142,1362420,1504525,1703608,1866653,2949532,(D),(D),(D),(D),(D),(D),1103136,1127296,1319994,1263461,1323323,1306331
 "09003","Hartford, CT",1,CAGDP9,34,"42","  Wholesale trade","Thousands of chained 2012 dollars",3332462,3302413,3559125,3661561,3986542,4235217,4482035,4555011,3886864,4220679,4268525,4738339,4414755,4587464,4557107,4494546,4367450,4453047
 "09003","Hartford, CT",1,CAGDP9,35,"44-45","  Retail trade","Thousands of chained 2012 dollars",3131412,3240659,3366051,3464021,3487651,3406894,3184470,3163503,2997627,3033487,2991167,3066070,3110925,3163725,3166467,3189625,3277151,3409310
 "09003","Hartford, CT",1,CAGDP9,36,"48-49","  Transportation and warehousing","Thousands of chained 2012 dollars",1212014,1232166,1247316,1367531,1415397,1448727,1269029,1267184,1225545,1324130,1399203,1303483,1314477,1350019,1309192,1324038,1371054,1535133
 "09003","Hartford, CT",1,CAGDP9,45,"51","  Information","Thousands of chained 2012 dollars",1324611,1400730,1587397,1879172,2295136,2600279,2980975,3378289,3397641,3555364,3579244,3564394,4018933,4108175,4761175,5090931,4847804,5118803
 "09003","Hartford, CT",1,CAGDP9,50,"52, 53","  Finance, insurance, real estate, rental, and leasing","Thousands of chained 2012 dollars",21822683,19282328,18915254,22277373,21856835,22487906,26090705,25754663,28588687,28159138,27629932,26246530,24628547,23714509,26020675,26747670,26814035,25183885
 "09003","Hartford, CT",1,CAGDP9,51,"52","   Finance and insurance","Thousands of chained 2012 dollars",13295482,10854625,11102334,14313085,13641573,14783822,17815317,16008489,18386144,17710690,17241255,16272392,14977333,14573497,16922127,17279573,17462959,15554325
 "09003","Hartford, CT",1,CAGDP9,56,"53","   Real estate and rental and leasing","Thousands of chained 2012 dollars",8571014,8464940,7848684,7985743,8244359,7725641,8302461,9735416,10217020,10450307,10389001,9974137,9651638,9140155,9092926,9461319,9347708,9603873
 "09003","Hartford, CT",1,CAGDP9,59,"54, 55, 56","  Professional and business services","Thousands of chained 2012 dollars",6419088,6381838,6661978,6892371,6852900,7080734,7490228,7734344,7390602,7432651,7524074,7854297,7863607,8731023,8712301,8649686,8978453,9324586
 "09003","Hartford, CT",1,CAGDP9,60,"54","   Professional, scientific, and technical services","Thousands of chained 2012 dollars",3980631,3973020,4038052,4056816,4077730,4069230,4305671,4470872,4210370,4292798,4404998,4650975,4624984,5112449,5182173,5226132,5275634,5451267
 "09003","Hartford, CT",1,CAGDP9,64,"55","   Management of companies and enterprises","Thousands of chained 2012 dollars",1063486,1022889,1184987,1351298,1140840,1357447,1430876,1410864,1484794,1353686,1321905,1379552,1461866,1805830,1698908,1668790,1822333,2022497
 "09003","Hartford, CT",1,CAGDP9,65,"56","   Administrative and support and waste management and remediation services","Thousands of chained 2012 dollars",1346726,1348591,1427674,1496466,1613929,1653665,1752933,1850306,1695429,1785905,1797191,1823770,1777043,1818385,1833161,1759166,1884733,1869542
 "09003","Hartford, CT",1,CAGDP9,68,"61, 62","  Educational services, health care, and social assistance","Thousands of chained 2012 dollars",5053833,5166326,5268857,5484981,5544521,5732825,5801852,6214359,6411397,6448298,6487622,6686435,6805353,7047342,6901938,6871735,6855009,7038169
 "09003","Hartford, CT",1,CAGDP9,69,"61","   Educational services","Thousands of chained 2012 dollars",626802,631741,662959,700829,683952,695959,712668,758044,833352,857589,848188,845929,838189,856567,814573,806316,776720,795112
 "09003","Hartford, CT",1,CAGDP9,70,"62","   Health care and social assistance","Thousands of chained 2012 dollars",4425855,4532166,4605745,4785138,4859412,5034929,5087683,5454460,5577977,5591264,5639653,5840506,5967399,6191364,6089036,6067326,6081819,6246845
 "09003","Hartford, CT",1,CAGDP9,75,"71, 72","  Arts, entertainment, recreation, accommodation, and food services","Thousands of chained 2012 dollars",1748737,1760219,1775820,1757845,1814012,1813499,1673587,1636205,1543060,1578700,1655042,1741430,1759817,1705610,1814533,1769795,1776857,1822387
 "09003","Hartford, CT",1,CAGDP9,76,"71","   Arts, entertainment, and recreation","Thousands of chained 2012 dollars",304451,303082,325715,378706,399579,411634,354723,341934,340034,327987,345411,389068,384725,384826,352719,349044,349840,377962
 "09003","Hartford, CT",1,CAGDP9,79,"72","   Accommodation and food services","Thousands of chained 2012 dollars",1449493,1462589,1454301,1379007,1413598,1400047,1319144,1294852,1202962,1250910,1309818,1352362,1375031,1320926,1460693,1419813,1426050,1444452
 "09003","Hartford, CT",1,CAGDP9,82,"81","  Other services (except government and government enterprises)","Thousands of chained 2012 dollars",1158121,1122284,1240633,1484211,1738703,1738962,1633290,1338471,1236505,1153525,1107764,1130858,1163634,1237842,1258216,1261946,1246142,1291917
 "09003","Hartford, CT",1,CAGDP9,83,"...","Government and government enterprises","Thousands of chained 2012 dollars",7411233,7492119,7344616,7323522,7562113,7491284,7564558,7650648,7238830,7127778,6916150,6889225,6909716,7059101,7145847,7098534,6959788,6906092
 "09003","Hartford, CT",1,CAGDP9,87,"11, 21","Natural resources and mining","Thousands of chained 2012 dollars",142326,(D),(D),(D),(D),(D),(D),43710,39370,61681,60930,40853,23165,55056,38680,109723,73799,19320
 "09003","Hartford, CT",1,CAGDP9,88,"42, 44-45","Trade","Thousands of chained 2012 dollars",6496930,6584707,6961603,7163125,7500144,7656441,7663986,7713071,6885465,7254206,7259576,7804409,7525238,7750963,7723346,7683970,7643095,7859588
 "09003","Hartford, CT",1,CAGDP9,89,"...","Transportation and utilities","Thousands of chained 2012 dollars",1764185,1744532,1726683,1901766,1961886,1764761,1607045,1697049,1588341,1656463,1697216,1655312,1644406,1664176,1535488,1528655,1555503,1685252
 "09003","Hartford, CT",1,CAGDP9,90,"...","Manufacturing and information","Thousands of chained 2012 dollars",8346210,8133415,8949430,9479042,10378065,12100574,12411583,12135973,10684886,11783747,11696237,12076550,12556903,12011500,13132967,12660809,13012259,13507068
 "09003","Hartford, CT",1,CAGDP9,91,"...","Private goods-producing industries 2/","Thousands of chained 2012 dollars",9439441,8802017,9578170,9849955,10347002,11770693,11639684,10703161,9058653,9967334,9886479,10006232,9926235,9302542,9972789,9221746,9714460,9908691
 "09003","Hartford, CT",1,CAGDP9,92,"...","Private services-providing industries 3/","Thousands of chained 2012 dollars",45356155,42985142,43675986,48515373,49266541,50639471,54862733,55438997,57041838,57241572,56944432,56683664,55404248,55932391,58699749,59556217,59701305,59200407
 "09005","Litchfield, CT",1,CAGDP9,1,"...","All industry total","Thousands of chained 2012 dollars",7689453,7842201,7844519,7817220,7804917,8115210,7951514,8039525,7683379,7962239,8044003,8097907,7972632,7661428,7567652,7532359,7470812,7688830
 "09005","Litchfield, CT",1,CAGDP9,2,"..."," Private industries","Thousands of chained 2012 dollars",6940512,7084879,7093431,7065401,7029955,7347513,7172687,7257121,6936164,7223042,7331107,7401786,7258944,6935958,6844383,6812020,6757058,6980678
 "09005","Litchfield, CT",1,CAGDP9,3,"11","  Agriculture, forestry, fishing and hunting","Thousands of chained 2012 dollars",(D),(D),(D),(D),(D),(D),(D),(D),(D),(D),(D),(D),(D),(D),(D),(D),(D),(D)
 "09005","Litchfield, CT",1,CAGDP9,6,"21","  Mining, quarrying, and oil and gas extraction","Thousands of chained 2012 dollars",49949,50122,52726,44562,39768,40708,38307,26635,22026,25923,19605,26118,25075,31941,49990,68995,39246,44278
 "09005","Litchfield, CT",1,CAGDP9,10,"22","  Utilities","Thousands of chained 2012 dollars",31191,34280,35738,(D),(D),(D),(D),(D),(D),28810,(D),(D),(D),43210,(D),(D),(D),(D)
 "09005","Litchfield, CT",1,CAGDP9,11,"23","  Construction","Thousands of chained 2012 dollars",834657,845847,853484,830768,760369,764795,708016,653104,622616,667627,679965,738316,(D),(D),(D),(D),533392,(D)
 "09005","Litchfield, CT",1,CAGDP9,12,"31-33","  Manufacturing","Thousands of chained 2012 dollars",1218887,1134517,1137402,1128746,1131442,1240543,1155303,1134937,883693,1001746,1041894,1025557,1082755,1056416,1014708,(D),(D),(D)
 "09005","Litchfield, CT",1,CAGDP9,13,"321,327-339","   Durable goods manufacturing","Thousands of chained 2012 dollars",(D),(D),(D),(D),(D),(D),(D),(D),(D),(D),(D),(D),792615,784066,748995,752414,795750,825724
 "09005","Litchfield, CT",1,CAGDP9,25,"311-316,322-326","   Nondurable goods manufacturing","Thousands of chained 2012 dollars",(D),(D),(D),(D),(D),(D),(D),(D),(D),(D),(D),(D),290129,272403,265710,(D),(D),(D)
 "09005","Litchfield, CT",1,CAGDP9,34,"42","  Wholesale trade","Thousands of chained 2012 dollars",255167,259773,291980,277113,(D),(D),(D),(D),(D),(D),(D),(D),(D),(D),(D),(D),(D),(D)
 "09005","Litchfield, CT",1,CAGDP9,35,"44-45","  Retail trade","Thousands of chained 2012 dollars",656431,680932,721477,718047,726120,698931,658871,603310,531168,507692,512122,583925,587391,599302,625570,647510,663315,679726
 "09005","Litchfield, CT",1,CAGDP9,36,"48-49","  Transportation and warehousing","Thousands of chained 2012 dollars",(D),(D),(D),(D),139986,147248,139500,130865,117351,110060,112913,117441,118693,110838,108624,90405,98490,101151
 "09005","Litchfield, CT",1,CAGDP9,45,"51","  Information","Thousands of chained 2012 dollars",94250,86519,100984,125842,124001,136841,158411,161875,153038,158974,165480,162631,184200,164587,168330,157461,149127,159959
 "09005","Litchfield, CT",1,CAGDP9,50,"52, 53","  Finance, insurance, real estate, rental, and leasing","Thousands of chained 2012 dollars",1343947,1441508,1411657,1490925,1475155,1635634,1706755,1909414,2061115,2109603,2101120,1983142,1903954,1774851,1711037,1746858,1723744,1756415
 "09005","Litchfield, CT",1,CAGDP9,51,"52","   Finance and insurance","Thousands of chained 2012 dollars",272689,284695,270997,267750,232815,228609,228728,222341,281765,284461,272638,252199,231177,201579,205377,223776,211821,193429
 "09005","Litchfield, CT",1,CAGDP9,56,"53","   Real estate and rental and leasing","Thousands of chained 2012 dollars",1069708,1155234,1139186,1221901,1241482,1406234,1477206,1685768,1780332,1825765,1828575,1730943,1672996,1574418,1505839,1521636,1511843,1567083
 "09005","Litchfield, CT",1,CAGDP9,59,"54, 55, 56","  Professional and business services","Thousands of chained 2012 dollars",786085,802325,790511,(D),693189,682726,663214,681266,622782,(D),647411,686056,662283,684964,683994,703814,725025,764696
 "09005","Litchfield, CT",1,CAGDP9,60,"54","   Professional, scientific, and technical services","Thousands of chained 2012 dollars",390569,409749,376105,(D),327103,311010,308304,324010,287475,286304,280828,281499,268162,289130,289794,314837,327257,346697
 "09005","Litchfield, CT",1,CAGDP9,64,"55","   Management of companies and enterprises","Thousands of chained 2012 dollars",277306,267931,281877,233001,214335,205550,176086,179997,173951,170525,173774,196829,201784,200909,197451,201956,203491,214758
 "09005","Litchfield, CT",1,CAGDP9,65,"56","   Administrative and support and waste management and remediation services","Thousands of chained 2012 dollars",130665,133972,144290,149050,154810,167957,179149,177729,161779,(D),192847,207728,192386,194817,196480,187146,194060,203088
 "09005","Litchfield, CT",1,CAGDP9,68,"61, 62","  Educational services, health care, and social assistance","Thousands of chained 2012 dollars",703383,716540,740766,775941,776171,796519,787808,829543,838451,841239,838735,828900,797703,797616,799441,798419,786246,807821
 "09005","Litchfield, CT",1,CAGDP9,69,"61","   Educational services","Thousands of chained 2012 dollars",158195,154187,158291,163161,155921,152834,148734,163134,171873,176218,183406,183730,174493,171701,173382,174511,160136,168700
 "09005","Litchfield, CT",1,CAGDP9,70,"62","   Health care and social assistance","Thousands of chained 2012 dollars",546769,563071,583087,613151,620009,642991,638261,665843,666254,664819,655309,645171,623234,626027,626113,623893,626732,639500
 "09005","Litchfield, CT",1,CAGDP9,75,"71, 72","  Arts, entertainment, recreation, accommodation, and food services","Thousands of chained 2012 dollars",474222,495342,471733,436284,476000,474738,455083,435878,438684,478768,531091,520827,493592,(D),433848,403767,378506,392556
 "09005","Litchfield, CT",1,CAGDP9,76,"71","   Arts, entertainment, and recreation","Thousands of chained 2012 dollars",249593,265459,252239,240741,281022,286294,275708,258351,271699,308888,349077,331062,304003,238896,240455,208101,177940,187528
 "09005","Litchfield, CT",1,CAGDP9,79,"72","   Accommodation and food services","Thousands of chained 2012 dollars",227177,232420,221928,197418,195863,188901,179722,178219,167244,169898,181888,189766,189520,(D),192868,194739,199073,203617
 "09005","Litchfield, CT",1,CAGDP9,82,"81","  Other services (except government and government enterprises)","Thousands of chained 2012 dollars",300789,321130,291479,269199,276854,282821,267727,240502,227601,235574,225822,223740,214522,222159,219081,216978,219367,224819
 "09005","Litchfield, CT",1,CAGDP9,83,"...","Government and government enterprises","Thousands of chained 2012 dollars",749772,757417,750559,751550,776325,766905,779307,782716,747495,739085,712857,696120,713451,724384,722010,719080,712518,707513
 "09005","Litchfield, CT",1,CAGDP9,87,"11, 21","Natural resources and mining","Thousands of chained 2012 dollars",(D),(D),(D),(D),(D),(D),(D),(D),(D),(D),(D),(D),(D),(D),(D),(D),(D),(D)
 "09005","Litchfield, CT",1,CAGDP9,88,"42, 44-45","Trade","Thousands of chained 2012 dollars",918424,948148,1020062,1002685,(D),(D),(D),(D),(D),(D),(D),(D),(D),(D),(D),(D),(D),(D)
 "09005","Litchfield, CT",1,CAGDP9,89,"...","Transportation and utilities","Thousands of chained 2012 dollars",(D),(D),(D),(D),(D),(D),(D),(D),(D),138812,(D),(D),(D),153992,(D),(D),(D),(D)
 "09005","Litchfield, CT",1,CAGDP9,90,"...","Manufacturing and information","Thousands of chained 2012 dollars",1299352,1207997,1227919,1249134,1249606,1371114,1311710,1295485,1036972,1160720,1207377,1188188,1266833,1221279,1182683,(D),(D),(D)
 "09005","Litchfield, CT",1,CAGDP9,91,"...","Private goods-producing industries 2/","Thousands of chained 2012 dollars",(D),(D),(D),(D),(D),(D),(D),(D),(D),(D),(D),(D),(D),(D),(D),1680524,1651700,1720043
 "09005","Litchfield, CT",1,CAGDP9,92,"...","Private services-providing industries 3/","Thousands of chained 2012 dollars",(D),(D),(D),(D),(D),(D),(D),(D),(D),(D),(D),(D),(D),(D),(D),5132791,5106955,5262043
 "09007","Middlesex, CT",1,CAGDP9,1,"...","All industry total","Thousands of chained 2012 dollars",8592520,8630020,9025763,9700498,9765724,10511800,10941674,10286629,9714366,8453123,8456530,8772042,8702181,8625424,8782362,8647334,8761274,8706342
 "09007","Middlesex, CT",1,CAGDP9,2,"..."," Private industries","Thousands of chained 2012 dollars",7592475,7626582,8020513,8674886,8706053,9460678,9834832,9163446,8641864,7409175,7405796,7753601,7677007,7608313,7746048,7623093,7788487,7785186
 "09007","Middlesex, CT",1,CAGDP9,3,"11","  Agriculture, forestry, fishing and hunting","Thousands of chained 2012 dollars",(D),26996,22548,(D),(D),24872,24355,25755,60300,61240,46378,(D),63049,16433,60456,11975,(D),47468
 "09007","Middlesex, CT",1,CAGDP9,6,"21","  Mining, quarrying, and oil and gas extraction","Thousands of chained 2012 dollars",14796,15967,8061,3470,2323,2351,2148,175,235,639,1928,1951,1326,3006,5110,2914,2140,2127
 "09007","Middlesex, CT",1,CAGDP9,10,"22","  Utilities","Thousands of chained 2012 dollars",(D),80432,86096,(D),(D),87646,92433,60919,53709,70381,215510,(D),319898,316055,384347,382343,433131,291395
 "09007","Middlesex, CT",1,CAGDP9,11,"23","  Construction","Thousands of chained 2012 dollars",426197,388883,412266,436042,375216,388036,402611,401803,380007,406199,319984,401361,421034,480425,417948,420338,(D),413445
 "09007","Middlesex, CT",1,CAGDP9,12,"31-33","  Manufacturing","Thousands of chained 2012 dollars",1412822,1576446,1539199,1837831,1801028,2033506,2030022,1675377,1227741,1284116,1272862,1400027,1409666,1315971,1394103,1294650,1417061,1481963
 "09007","Middlesex, CT",1,CAGDP9,13,"321,327-339","   Durable goods manufacturing","Thousands of chained 2012 dollars",920800,835737,867794,885363,960077,1047344,1114445,1138894,1007868,1142434,1167523,1292665,1259037,1168644,1233626,1158756,1262904,1340590
 "09007","Middlesex, CT",1,CAGDP9,25,"311-316,322-326","   Nondurable goods manufacturing","Thousands of chained 2012 dollars",513359,807843,725391,1051411,916776,1079463,995287,569369,227332,143040,105402,107362,150719,147465,160655,136048,154291,141962
 "09007","Middlesex, CT",1,CAGDP9,34,"42","  Wholesale trade","Thousands of chained 2012 dollars",341530,366139,386204,384782,398797,430245,475967,510473,466114,519897,509303,(D),527325,542459,558034,540680,538799,544063
 "09007","Middlesex, CT",1,CAGDP9,35,"44-45","  Retail trade","Thousands of chained 2012 dollars",492569,516732,545233,572846,575719,565361,545138,522604,522469,540713,517447,523082,517746,528285,537304,537602,556658,569106
 "09007","Middlesex, CT",1,CAGDP9,36,"48-49","  Transportation and warehousing","Thousands of chained 2012 dollars",93449,86563,88909,95843,95486,104063,87950,84583,82420,93311,104137,88722,136314,109120,87189,76816,69827,73693
 "09007","Middlesex, CT",1,CAGDP9,45,"51","  Information","Thousands of chained 2012 dollars",103957,112266,129728,150760,152796,152436,173914,164160,156585,140827,130998,143432,195662,231127,245738,230033,208067,215580
 "09007","Middlesex, CT",1,CAGDP9,50,"52, 53","  Finance, insurance, real estate, rental, and leasing","Thousands of chained 2012 dollars",2569796,2425061,2738512,2996477,3054272,3499827,3772902,3384793,3427887,1995034,1954432,1830164,1759928,1698337,1644970,1680431,1682122,1689096
 "09007","Middlesex, CT",1,CAGDP9,51,"52","   Finance and insurance","Thousands of chained 2012 dollars",1727535,1503344,1834657,2043059,2083683,2381336,2604719,2013245,1975014,400931,312667,295145,291410,298424,333958,343528,327728,291894
 "09007","Middlesex, CT",1,CAGDP9,56,"53","   Real estate and rental and leasing","Thousands of chained 2012 dollars",934791,1010902,1000092,1057632,1076803,1240029,1302324,1459543,1538008,1596584,1641736,1535019,1468421,1399086,1307726,1333405,1352010,1398130
 "09007","Middlesex, CT",1,CAGDP9,59,"54, 55, 56","  Professional and business services","Thousands of chained 2012 dollars",(D),650822,675797,(D),(D),696505,745395,805373,748414,760196,772804,781694,752691,802824,833664,842511,810910,835198
 "09007","Middlesex, CT",1,CAGDP9,60,"54","   Professional, scientific, and technical services","Thousands of chained 2012 dollars",333949,342818,337761,344174,349342,368904,370676,436511,412289,416167,420534,411382,411023,422570,441771,455509,456305,461565
 "09007","Middlesex, CT",1,CAGDP9,64,"55","   Management of companies and enterprises","Thousands of chained 2012 dollars",(D),158378,167357,(D),(D),134255,156264,155341,158407,163374,179700,217732,189561,201567,216358,213275,179160,186322
 "09007","Middlesex, CT",1,CAGDP9,65,"56","   Administrative and support and waste management and remediation services","Thousands of chained 2012 dollars",128561,156459,177271,205620,206734,192841,218337,213344,177846,180760,172626,152580,152031,178403,175725,173842,173703,185283
 "09007","Middlesex, CT",1,CAGDP9,68,"61, 62","  Educational services, health care, and social assistance","Thousands of chained 2012 dollars",803217,820452,825917,833446,839851,887918,917428,968626,991653,994473,1000502,1016969,1024578,1025609,1046037,1055916,1061665,1079114
 "09007","Middlesex, CT",1,CAGDP9,69,"61","   Educational services","Thousands of chained 2012 dollars",153252,160803,168880,165406,153468,166269,182771,191468,199499,200815,194723,187518,175408,171491,181352,181893,176880,180746
 "09007","Middlesex, CT",1,CAGDP9,70,"62","   Health care and social assistance","Thousands of chained 2012 dollars",649574,659815,658055,668540,685751,721239,734822,777263,792388,793917,805864,829452,849316,854394,864663,874064,885188,898710
 "09007","Middlesex, CT",1,CAGDP9,75,"71, 72","  Arts, entertainment, recreation, accommodation, and food services","Thousands of chained 2012 dollars",339676,345041,347731,347932,361232,361654,337945,340863,327232,345290,350900,366738,352573,341399,345611,350511,360954,347402
 "09007","Middlesex, CT",1,CAGDP9,76,"71","   Arts, entertainment, and recreation","Thousands of chained 2012 dollars",98929,100278,107304,110793,116358,112435,98244,102293,100803,110180,104674,114750,104041,101813,97891,102133,101796,104592
 "09007","Middlesex, CT",1,CAGDP9,79,"72","   Accommodation and food services","Thousands of chained 2012 dollars",240967,245001,240257,236701,244314,248969,239955,238650,226429,235072,246259,251988,248486,239560,247575,248320,258949,242977
 "09007","Middlesex, CT",1,CAGDP9,82,"81","  Other services (except government and government enterprises)","Thousands of chained 2012 dollars",280539,296753,267438,237432,228664,230878,221871,216993,206174,213892,212164,204107,195709,196716,194000,189997,196512,202493
 "09007","Middlesex, CT",1,CAGDP9,83,"...","Government and government enterprises","Thousands of chained 2012 dollars",1011835,1015126,1010883,1024758,1061523,1046089,1102176,1120824,1070630,1043954,1050748,1018441,1025043,1016960,1036138,1023953,974297,924187
 "09007","Middlesex, CT",1,CAGDP9,87,"11, 21","Natural resources and mining","Thousands of chained 2012 dollars",(D),37920,28547,(D),(D),26886,26189,25787,60179,61626,48321,(D),64400,19206,65247,14831,(D),48941
 "09007","Middlesex, CT",1,CAGDP9,88,"42, 44-45","Trade","Thousands of chained 2012 dollars",838563,887067,935874,963535,979868,999336,1022435,1032460,988730,1060612,1026731,(D),1045032,1070715,1095311,1078261,1095303,1112904
 "09007","Middlesex, CT",1,CAGDP9,89,"...","Transportation and utilities","Thousands of chained 2012 dollars",(D),163738,171685,(D),(D),187165,177148,141873,132424,159927,318375,(D),455927,425511,473529,461088,504722,366722
 "09007","Middlesex, CT",1,CAGDP9,90,"...","Manufacturing and information","Thousands of chained 2012 dollars",1510374,1680742,1665574,1983708,1949974,2178536,2199415,1837971,1384994,1425171,1403867,1543459,1604861,1545362,1637937,1522746,1627510,1700253
 "09007","Middlesex, CT",1,CAGDP9,91,"...","Private goods-producing industries 2/","Thousands of chained 2012 dollars",(D),1997751,1971488,(D),(D),2453238,2464503,2111052,1666100,1750396,1641130,(D),1895179,1820437,1871854,1739591,1867367,1940182
 "09007","Middlesex, CT",1,CAGDP9,92,"...","Private services-providing industries 3/","Thousands of chained 2012 dollars",(D),5631734,6049142,(D),(D),7011599,7373623,7054204,6978930,5658806,5763939,(D),5781678,5788210,5874150,5886479,5921852,5844528
 "09009","New Haven, CT",1,CAGDP9,1,"...","All industry total","Thousands of chained 2012 dollars",41767937,42902149,42876616,45814006,46343898,47808961,48087092,48768849,46728828,47192971,46621480,45646650,46067583,45765321,46417757,47057608,47266161,48060270
 "09009","New Haven, CT",1,CAGDP9,2,"..."," Private industries","Thousands of chained 2012 dollars",36756299,37847600,37852702,40755042,41248190,42720836,42944760,43488068,41679803,42115032,41556235,40645877,41128428,40808237,41370093,42076747,42287446,43138151
 "09009","New Haven, CT",1,CAGDP9,3,"11","  Agriculture, forestry, fishing and hunting","Thousands of chained 2012 dollars",46660,31260,43744,54665,83949,90493,70115,73313,108518,97417,57844,50706,32313,53816,31486,34767,36936,22679
 "09009","New Haven, CT",1,CAGDP9,6,"21","  Mining, quarrying, and oil and gas extraction","Thousands of chained 2012 dollars",113572,115127,113508,94909,87301,91863,98452,71932,58116,68954,50131,60329,61174,77798,122336,171002,95689,104393
 "09009","New Haven, CT",1,CAGDP9,10,"22","  Utilities","Thousands of chained 2012 dollars",337842,288846,239729,356954,453141,442456,466557,369312,445351,469932,531962,495636,559867,485038,499687,497975,525318,804247
 "09009","New Haven, CT",1,CAGDP9,11,"23","  Construction","Thousands of chained 2012 dollars",1900967,1733851,1684839,1800554,1747579,1725778,1804460,1635530,1461340,1286629,1220810,1321181,1284368,1241080,1253174,1386786,1434602,1361215
 "09009","New Haven, CT",1,CAGDP9,12,"31-33","  Manufacturing","Thousands of chained 2012 dollars",5037940,5642745,5354121,6397295,6465057,7485804,6867898,5798309,4071283,4338270,4208933,4205143,5072360,4750784,4708588,4660350,5008623,4986219
 "09009","New Haven, CT",1,CAGDP9,13,"321,327-339","   Durable goods manufacturing","Thousands of chained 2012 dollars",2745424,2539941,2580006,2743704,2893898,2957137,3021950,3302438,3150708,3533824,3486918,3543609,3981501,3944980,3680783,3819524,4023643,4087628
 "09009","New Haven, CT",1,CAGDP9,25,"311-316,322-326","   Nondurable goods manufacturing","Thousands of chained 2012 dollars",2372834,3382678,2984466,4008333,3893568,5009849,4207314,2648826,933196,807289,722853,661535,1090007,807707,1024161,843457,984192,903205
 "09009","New Haven, CT",1,CAGDP9,34,"42","  Wholesale trade","Thousands of chained 2012 dollars",2293374,2379530,2648045,2892791,3174873,3388556,3574659,4105197,4157525,4451453,4175660,3413800,3228886,3343577,3344663,3377005,3228839,3291003
 "09009","New Haven, CT",1,CAGDP9,35,"44-45","  Retail trade","Thousands of chained 2012 dollars",2794029,2975201,3059168,3173639,3134508,3070507,2963400,2834218,2782406,2761869,2651445,2652648,2625285,2628976,2660512,2668762,2748737,2828093
 "09009","New Haven, CT",1,CAGDP9,36,"48-49","  Transportation and warehousing","Thousands of chained 2012 dollars",692421,666261,766347,780882,780098,759458,719858,719231,685059,656708,686896,610119,732257,696554,670202,668454,701742,739027
 "09009","New Haven, CT",1,CAGDP9,45,"51","  Information","Thousands of chained 2012 dollars",1725569,1781975,1883450,2051588,2334600,2416361,2442339,2392365,2105320,2048150,1983973,1837798,2028647,1971506,2287270,2410994,2392503,2574673
 "09009","New Haven, CT",1,CAGDP9,50,"52, 53","  Finance, insurance, real estate, rental, and leasing","Thousands of chained 2012 dollars",9447497,9485663,8949086,9655095,9495560,9592339,10019581,11008671,11521787,11500672,11378556,10782203,10466994,10176932,10408543,10791507,10492303,10645455
 "09009","New Haven, CT",1,CAGDP9,51,"52","   Finance and insurance","Thousands of chained 2012 dollars",2457685,2289296,2292892,2569891,2308403,2377590,2442737,2150886,2000711,1704403,1618296,1680442,1736781,1964114,2285719,2318829,1962027,1801079
 "09009","New Haven, CT",1,CAGDP9,56,"53","   Real estate and rental and leasing","Thousands of chained 2012 dollars",7006056,7216580,6672360,7099499,7208633,7235256,7598931,8881729,9535308,9796061,9758421,9101762,8728978,8200562,8095573,8447524,8526758,8858229
 "09009","New Haven, CT",1,CAGDP9,59,"54, 55, 56","  Professional and business services","Thousands of chained 2012 dollars",4009947,3990817,4216024,4246515,4241370,4214237,4509571,4711393,4389880,4436168,4534151,4872823,4830351,5207543,5279433,5295660,5432255,5417171
 "09009","New Haven, CT",1,CAGDP9,60,"54","   Professional, scientific, and technical services","Thousands of chained 2012 dollars",2441381,2439555,2547964,2607759,2568092,2549648,2644328,2863405,2663995,2612322,2663217,2744110,2645768,2864850,2896793,2873653,2866267,2872992
 "09009","New Haven, CT",1,CAGDP9,64,"55","   Management of companies and enterprises","Thousands of chained 2012 dollars",729310,690585,769728,653809,596018,542137,587445,547845,579495,618463,650530,813015,826448,928555,1001551,1027297,1101551,972065
 "09009","New Haven, CT",1,CAGDP9,65,"56","   Administrative and support and waste management and remediation services","Thousands of chained 2012 dollars",881663,892732,942812,1002464,1084355,1123044,1278690,1299316,1147082,1205453,1220436,1315698,1358076,1415359,1385538,1399574,1469797,1562586
 "09009","New Haven, CT",1,CAGDP9,68,"61, 62","  Educational services, health care, and social assistance","Thousands of chained 2012 dollars",6054099,6265576,6473795,6644139,6620699,6840716,6927584,7406590,7726663,7856270,7882581,8029363,7941469,7976968,7929387,7976649,8000410,8143655
 "09009","New Haven, CT",1,CAGDP9,69,"61","   Educational services","Thousands of chained 2012 dollars",2103745,2128624,2254234,2344890,2245047,2310529,2375011,2586736,2850326,2910696,2901371,2963799,2975703,3038957,3036302,3023054,3016875,3090812
 "09009","New Haven, CT",1,CAGDP9,70,"62","   Health care and social assistance","Thousands of chained 2012 dollars",3947440,4127411,4216459,4299412,4367818,4521494,4545682,4814663,4876309,4945942,4981145,5065565,4965320,4936093,4890510,4952505,4983249,5051307
 "09009","New Haven, CT",1,CAGDP9,75,"71, 72","  Arts, entertainment, recreation, accommodation, and food services","Thousands of chained 2012 dollars",1207548,1253965,1320166,1435354,1450455,1404682,1276443,1219133,1167389,1181461,1242468,1357068,1345257,1276556,1275096,1259705,1311990,1341363
 "09009","New Haven, CT",1,CAGDP9,76,"71","   Arts, entertainment, and recreation","Thousands of chained 2012 dollars",305999,311134,353025,390845,363140,353436,306043,283036,273312,284095,300079,342410,312496,309650,271075,250947,261256,267498
 "09009","New Haven, CT",1,CAGDP9,79,"72","   Accommodation and food services","Thousands of chained 2012 dollars",899499,941103,963698,1040221,1085648,1049480,970059,936406,894290,897480,942492,1014658,1032561,966939,1003192,1007402,1049317,1072440
 "09009","New Haven, CT",1,CAGDP9,82,"81","  Other services (except government and government enterprises)","Thousands of chained 2012 dollars",1219011,1261064,1182461,1149700,1096899,1086207,1077175,1063130,1010806,974771,951627,957057,924244,936901,939086,922556,914825,941185
 "09009","New Haven, CT",1,CAGDP9,83,"...","Government and government enterprises","Thousands of chained 2012 dollars",5067539,5097817,5063598,5069337,5104327,5085407,5140816,5281437,5049344,5077978,5065281,5000774,4939997,4956822,5046751,4984575,4983242,4932242
 "09009","New Haven, CT",1,CAGDP9,87,"11, 21","Natural resources and mining","Thousands of chained 2012 dollars",143053,122971,138452,139794,169082,180184,165039,143836,162925,165131,107783,111036,92829,131670,151892,203100,130106,125925
 "09009","New Haven, CT",1,CAGDP9,88,"42, 44-45","Trade","Thousands of chained 2012 dollars",5149385,5423931,5767591,6121955,6351817,6491883,6560794,6942277,6941066,7213478,6827383,6066449,5853983,5972641,6005260,6045845,5976271,6117310
 "09009","New Haven, CT",1,CAGDP9,89,"...","Transportation and utilities","Thousands of chained 2012 dollars",1019263,943567,992557,1125261,1222497,1191505,1178976,1077716,1125148,1124569,1218434,1105755,1292000,1180433,1169579,1166122,1226688,1538686
 "09009","New Haven, CT",1,CAGDP9,90,"...","Manufacturing and information","Thousands of chained 2012 dollars",6730696,7361339,7212219,8382264,8772745,9837454,9272199,8180419,6181427,6387586,6193969,6042941,7101553,6721844,6981628,7046264,7392793,7530739
 "09009","New Haven, CT",1,CAGDP9,91,"...","Private goods-producing industries 2/","Thousands of chained 2012 dollars",6958627,7473579,7135014,8330569,8373057,9398488,8846412,7586823,5688456,5786774,5537807,5637360,6447587,6119491,6107415,6244880,6580866,6471765
 "09009","New Haven, CT",1,CAGDP9,92,"...","Private services-providing industries 3/","Thousands of chained 2012 dollars",29753926,30312342,30668603,32359524,32810459,33238822,34024157,35850303,35991407,36327571,36018477,35008517,34681893,34689213,35263369,35832418,35707186,36666629
 "09011","New London, CT",1,CAGDP9,1,"...","All industry total","Thousands of chained 2012 dollars",14631125,15268942,16128181,17818752,18524166,19849082,20848465,19428483,17316936,17236944,17185182,16750055,17162876,16243373,16467459,16657031,16914681,17084801
 "09011","New London, CT",1,CAGDP9,2,"..."," Private industries","Thousands of chained 2012 dollars",10844860,11302715,12090198,13540798,13896162,15123363,16071522,14616695,12809216,12819481,12472542,12373281,12796149,12338997,12601906,12802616,13060726,13236544
 "09011","New London, CT",1,CAGDP9,3,"11","  Agriculture, forestry, fishing and hunting","Thousands of chained 2012 dollars",87360,33352,109919,133172,108261,119671,132632,185154,190635,131610,101117,116687,116710,95133,117951,130881,18469,64671
 "09011","New London, CT",1,CAGDP9,6,"21","  Mining, quarrying, and oil and gas extraction","Thousands of chained 2012 dollars",23285,17829,22341,18853,16908,25897,25841,16024,14220,16866,11015,14589,16196,19342,31512,38118,22543,22468
 "09011","New London, CT",1,CAGDP9,10,"22","  Utilities","Thousands of chained 2012 dollars",1454694,1293916,1487869,1479920,1485382,1543367,1663823,1295289,1517323,1628960,1629878,1532448,1645580,1476215,1493213,1536661,1772085,1629875
 "09011","New London, CT",1,CAGDP9,11,"23","  Construction","Thousands of chained 2012 dollars",343320,347905,335808,543604,559617,355936,470289,470402,424548,400910,399309,440383,422001,387635,383728,417740,356617,342546
 "09011","New London, CT",1,CAGDP9,12,"31-33","  Manufacturing","Thousands of chained 2012 dollars",2479312,2748962,3051620,4061926,4118471,5194085,5596592,4036544,1905054,1903381,1628996,1589289,2116170,2035119,2119322,2054407,2189309,2260090
 "09011","New London, CT",1,CAGDP9,13,"321,327-339","   Durable goods manufacturing","Thousands of chained 2012 dollars",(D),(D),(D),(D),(D),(D),(D),(D),(D),(D),(D),(D),1454862,1463714,1521755,1536202,1646463,1728681
 "09011","New London, CT",1,CAGDP9,25,"311-316,322-326","   Nondurable goods manufacturing","Thousands of chained 2012 dollars",(D),(D),(D),(D),(D),(D),(D),(D),(D),(D),(D),(D),657349,568577,594543,518311,543566,534522
 "09011","New London, CT",1,CAGDP9,34,"42","  Wholesale trade","Thousands of chained 2012 dollars",263422,277045,311334,351425,454935,570683,691626,784058,712109,770796,772149,862450,779445,811217,857546,872856,844886,842287
 "09011","New London, CT",1,CAGDP9,35,"44-45","  Retail trade","Thousands of chained 2012 dollars",836770,874209,939162,961221,981096,965546,937082,864468,827123,825875,813866,801942,807058,802838,830655,835585,858942,878841
 "09011","New London, CT",1,CAGDP9,36,"48-49","  Transportation and warehousing","Thousands of chained 2012 dollars",180189,168908,190389,205200,207019,214278,240419,255543,289845,279168,280025,273226,251226,246320,252390,252694,262787,258502
 "09011","New London, CT",1,CAGDP9,45,"51","  Information","Thousands of chained 2012 dollars",178745,192009,209165,250622,273422,302888,357763,350187,328368,303190,278881,266365,293845,288121,293534,306698,335287,365676
 "09011","New London, CT",1,CAGDP9,50,"52, 53","  Finance, insurance, real estate, rental, and leasing","Thousands of chained 2012 dollars",1945204,2044353,2074749,2134609,2226141,2368436,2466759,2689867,2883957,2934596,2924254,2817425,2714451,2531162,2484628,2455588,2467401,2538894
 "09011","New London, CT",1,CAGDP9,51,"52","   Finance and insurance","Thousands of chained 2012 dollars",359343,346547,330873,350421,305312,307854,296357,293134,335064,294683,278249,285042,271127,257728,263381,260251,223927,211607
 "09011","New London, CT",1,CAGDP9,56,"53","   Real estate and rental and leasing","Thousands of chained 2012 dollars",1585952,1698411,1744750,1784882,1922801,2062929,2173103,2399631,2552954,2640246,2645699,2532382,2443391,2273219,2220143,2194269,2247518,2334811
 "09011","New London, CT",1,CAGDP9,59,"54, 55, 56","  Professional and business services","Thousands of chained 2012 dollars",1078133,1232586,1225095,1202847,1181054,1195063,1290229,1372741,1320582,1291528,1289555,1290271,1273190,1295735,1301900,1338078,1362107,1478173
 "09011","New London, CT",1,CAGDP9,60,"54","   Professional, scientific, and technical services","Thousands of chained 2012 dollars",673896,824761,821999,833889,818258,829612,903818,989493,973199,953659,953015,920221,891417,905256,919601,950647,974397,1008394
 "09011","New London, CT",1,CAGDP9,64,"55","   Management of companies and enterprises","Thousands of chained 2012 dollars",173003,176227,183492,160639,154459,149475,151414,148161,145685,152393,159250,188240,194920,203323,200555,214040,200466,276594
 "09011","New London, CT",1,CAGDP9,65,"56","   Administrative and support and waste management and remediation services","Thousands of chained 2012 dollars",238345,235513,225975,210740,210171,216994,235443,235025,201656,185485,177284,181810,186843,187271,181959,174522,186995,196999
 "09011","New London, CT",1,CAGDP9,68,"61, 62","  Educational services, health care, and social assistance","Thousands of chained 2012 dollars",1136452,1168481,1197947,1214098,1223043,1262813,1264516,1346430,1384236,1392741,1410790,1409663,1399443,1388079,1378113,1375277,1376185,1371121
 "09011","New London, CT",1,CAGDP9,69,"61","   Educational services","Thousands of chained 2012 dollars",166901,161072,171719,182085,169059,176172,174142,179916,195437,192206,188084,178320,173412,174995,178323,178751,175796,174178
 "09011","New London, CT",1,CAGDP9,70,"62","   Health care and social assistance","Thousands of chained 2012 dollars",970721,1007219,1026832,1033469,1054218,1086987,1090600,1166505,1189161,1200759,1222782,1231343,1226067,1213032,1199539,1196236,1200267,1196885
 "09011","New London, CT",1,CAGDP9,75,"71, 72","  Arts, entertainment, recreation, accommodation, and food services","Thousands of chained 2012 dollars",556167,581328,653964,755673,852734,840348,770957,739226,768534,676834,673448,705355,714389,715031,826470,962580,936591,955131
 "09011","New London, CT",1,CAGDP9,76,"71","   Arts, entertainment, and recreation","Thousands of chained 2012 dollars",110744,116880,179349,303474,357162,289508,270212,234448,272304,192368,186552,151047,157881,191377,216188,316204,254443,264398
 "09011","New London, CT",1,CAGDP9,79,"72","   Accommodation and food services","Thousands of chained 2012 dollars",447460,466548,475287,447912,489837,549195,498945,504346,494911,484043,486555,554308,556543,524252,610865,648813,682667,691483
 "09011","New London, CT",1,CAGDP9,82,"81","  Other services (except government and government enterprises)","Thousands of chained 2012 dollars",312973,340108,318132,315682,297122,298336,294996,287782,271730,264077,255233,253188,246650,255215,246821,242431,239266,240219
 "09011","New London, CT",1,CAGDP9,83,"...","Government and government enterprises","Thousands of chained 2012 dollars",3800305,3982649,4041581,4268873,4628562,4715452,4760152,4804422,4507909,4416256,4712834,4376775,4367019,3905770,3867789,3857306,3857534,3852530
 "09011","New London, CT",1,CAGDP9,87,"11, 21","Natural resources and mining","Thousands of chained 2012 dollars",105368,45237,127852,150175,123197,142780,155611,199245,202580,148786,112096,131276,132824,113922,148706,168474,43926,86175
 "09011","New London, CT",1,CAGDP9,88,"42, 44-45","Trade","Thousands of chained 2012 dollars",1120846,1172708,1272577,1333141,1452041,1546970,1633877,1648062,1539457,1596652,1585974,1664391,1586380,1614034,1688181,1708418,1703482,1720426
 "09011","New London, CT",1,CAGDP9,89,"...","Transportation and utilities","Thousands of chained 2012 dollars",1631388,1460038,1674722,1682881,1690212,1755352,1901595,1548951,1805503,1908336,1910085,1805674,1897261,1721910,1744794,1788607,2033655,1887481
 "09011","New London, CT",1,CAGDP9,90,"...","Manufacturing and information","Thousands of chained 2012 dollars",2643657,2922676,3239029,4274161,4358707,5445083,5904777,4364476,2233953,2206128,1907915,1855653,2410437,2323490,2413548,2359433,2521681,2619721
 "09011","New London, CT",1,CAGDP9,91,"...","Private goods-producing industries 2/","Thousands of chained 2012 dollars",2918824,3155576,3516684,4752377,4802730,5683832,6220836,4708909,2516492,2451545,2140722,2160948,2669987,2535937,2643812,2629013,2615251,2698039
 "09011","New London, CT",1,CAGDP9,92,"...","Private services-providing industries 3/","Thousands of chained 2012 dollars",7925415,8152181,8586493,8851938,9153869,9535223,9965761,9959684,10297959,10371352,10331706,10212332,10125982,9802868,9957912,10173390,10445317,10538441
 "09013","Tolland, CT",1,CAGDP9,1,"...","All industry total","Thousands of chained 2012 dollars",4351488,4443440,4482145,4625356,4655747,4851309,5004102,5099408,4950598,5011586,4992018,4941983,4843960,4768943,4679576,4694375,4770557,4835245
 "09013","Tolland, CT",1,CAGDP9,2,"..."," Private industries","Thousands of chained 2012 dollars",3128752,3214841,3262752,3409971,3399472,3671345,3736142,3773160,3702514,3781267,3774059,3723530,3630588,3529810,3423151,3423315,3438830,3494164
 "09013","Tolland, CT",1,CAGDP9,3,"11","  Agriculture, forestry, fishing and hunting","Thousands of chained 2012 dollars",(D),(D),(D),31601,36847,(D),(D),(D),(D),(D),(D),(D),(D),(D),(D),(D),(D),(D)
 "09013","Tolland, CT",1,CAGDP9,6,"21","  Mining, quarrying, and oil and gas extraction","Thousands of chained 2012 dollars",25749,23688,24979,21631,18911,18669,13505,6995,5673,8177,6738,8927,9339,11154,16529,18929,10033,10527
 "09013","Tolland, CT",1,CAGDP9,10,"22","  Utilities","Thousands of chained 2012 dollars",16282,18231,17741,15662,(D),(D),(D),(D),(D),(D),(D),(D),(D),(D),(D),(D),(D),(D)
 "09013","Tolland, CT",1,CAGDP9,11,"23","  Construction","Thousands of chained 2012 dollars",348052,307474,294501,337515,317249,317507,295027,250281,254917,240420,230002,243466,227015,225719,188645,195632,201337,184199
 "09013","Tolland, CT",1,CAGDP9,12,"31-33","  Manufacturing","Thousands of chained 2012 dollars",274479,262310,280021,310712,354615,467350,472900,379755,295188,290596,279420,277134,310550,309606,301821,(D),(D),(D)
 "09013","Tolland, CT",1,CAGDP9,13,"321,327-339","   Durable goods manufacturing","Thousands of chained 2012 dollars",159634,146619,159847,178385,212740,295378,300354,237346,212626,207250,199054,200305,211093,214469,204409,190719,219965,224922
 "09013","Tolland, CT",1,CAGDP9,25,"311-316,322-326","   Nondurable goods manufacturing","Thousands of chained 2012 dollars",121036,123736,127660,140313,148255,176341,176609,146384,82467,83365,80391,76828,99434,95170,97277,(D),(D),(D)
 "09013","Tolland, CT",1,CAGDP9,34,"42","  Wholesale trade","Thousands of chained 2012 dollars",149623,161529,169853,163190,(D),(D),(D),(D),(D),(D),(D),(D),(D),(D),(D),(D),(D),(D)
 "09013","Tolland, CT",1,CAGDP9,35,"44-45","  Retail trade","Thousands of chained 2012 dollars",271437,285332,306256,316196,332731,331963,332331,318058,337862,342024,324066,315704,315686,315542,315971,311843,319288,329723
 "09013","Tolland, CT",1,CAGDP9,36,"48-49","  Transportation and warehousing","Thousands of chained 2012 dollars",(D),(D),(D),(D),65902,71472,61890,62161,55912,66794,61926,53401,57687,54425,54985,55898,61444,68201
 "09013","Tolland, CT",1,CAGDP9,45,"51","  Information","Thousands of chained 2012 dollars",61842,80443,82539,104244,108119,109426,119312,116235,93712,86573,85344,78476,88709,85859,81373,79228,80950,83785
 "09013","Tolland, CT",1,CAGDP9,50,"52, 53","  Finance, insurance, real estate, rental, and leasing","Thousands of chained 2012 dollars",877872,941669,914181,961271,918584,1040445,1114536,1251494,1328106,1367302,1385439,1287301,1248469,1163213,1145103,1150998,1148773,1175740
 "09013","Tolland, CT",1,CAGDP9,51,"52","   Finance and insurance","Thousands of chained 2012 dollars",140471,143771,136182,134721,113521,117060,117938,122922,148684,146637,142115,118036,109385,109518,113730,123025,85477,76503
 "09013","Tolland, CT",1,CAGDP9,56,"53","   Real estate and rental and leasing","Thousands of chained 2012 dollars",736744,797320,777486,826193,805032,923499,996772,1128710,1180467,1221198,1243589,1169265,1139181,1053334,1030531,1026139,1066909,1104818
 "09013","Tolland, CT",1,CAGDP9,59,"54, 55, 56","  Professional and business services","Thousands of chained 2012 dollars",(D),389431,398262,(D),372904,382704,393001,432229,412050,417421,444225,449249,421969,427805,415025,412148,398874,426236
 "09013","Tolland, CT",1,CAGDP9,60,"54","   Professional, scientific, and technical services","Thousands of chained 2012 dollars",176867,184130,182524,(D),174617,180540,179711,217430,202482,203598,208840,180847,174020,185683,183723,182170,184919,193022
 "09013","Tolland, CT",1,CAGDP9,64,"55","   Management of companies and enterprises","Thousands of chained 2012 dollars",(D),142969,153715,(D),(D),126218,125788,124474,123425,(D),143256,163214,168893,164882,156258,157566,138663,148138
 "09013","Tolland, CT",1,CAGDP9,65,"56","   Administrative and support and waste management and remediation services","Thousands of chained 2012 dollars",(D),65383,66932,68808,(D),76549,87806,90399,86263,(D),92170,105189,79127,77211,74885,72429,74343,83791
 "09013","Tolland, CT",1,CAGDP9,68,"61, 62","  Educational services, health care, and social assistance","Thousands of chained 2012 dollars",310829,325423,337477,361149,361716,374154,375928,394405,400166,410819,405345,414877,410001,399040,392569,397727,390314,399298
 "09013","Tolland, CT",1,CAGDP9,69,"61","   Educational services","Thousands of chained 2012 dollars",12822,14169,15033,16767,15207,15719,18366,17851,20352,23743,25162,25460,25491,27309,25873,27090,24950,25247
 "09013","Tolland, CT",1,CAGDP9,70,"62","   Health care and social assistance","Thousands of chained 2012 dollars",297711,311041,322264,344260,346251,358167,357432,376352,379689,387039,380186,389418,384507,371655,366663,370562,365376,374079
 "09013","Tolland, CT",1,CAGDP9,75,"71, 72","  Arts, entertainment, recreation, accommodation, and food services","Thousands of chained 2012 dollars",199424,207967,211027,196611,193626,183018,170702,164017,159216,166122,167405,176384,179358,173995,169585,167821,170132,170365
 "09013","Tolland, CT",1,CAGDP9,76,"71","   Arts, entertainment, and recreation","Thousands of chained 2012 dollars",45396,48033,50815,49554,46807,43285,39784,39124,39819,46703,41337,45132,45064,45236,37575,35647,34772,35108
 "09013","Tolland, CT",1,CAGDP9,79,"72","   Accommodation and food services","Thousands of chained 2012 dollars",154238,160108,160246,146905,146845,139845,131074,124977,119404,119351,126081,131252,134287,128778,131883,131999,135120,135033
 "09013","Tolland, CT",1,CAGDP9,82,"81","  Other services (except government and government enterprises)","Thousands of chained 2012 dollars",188346,202877,180537,170086,158952,158594,152723,151102,146224,140639,137108,135767,133420,136811,136239,133104,130691,134962
 "09013","Tolland, CT",1,CAGDP9,83,"...","Government and government enterprises","Thousands of chained 2012 dollars",1235000,1238492,1227067,1219152,1262811,1177294,1268226,1327976,1248535,1230330,1217961,1218452,1213184,1237824,1253798,1268113,1327750,1337308
 "09013","Tolland, CT",1,CAGDP9,87,"11, 21","Natural resources and mining","Thousands of chained 2012 dollars",(D),(D),(D),51920,55647,(D),(D),(D),(D),(D),(D),(D),(D),(D),(D),(D),(D),(D)
 "09013","Tolland, CT",1,CAGDP9,88,"42, 44-45","Trade","Thousands of chained 2012 dollars",421403,446917,476431,480561,(D),(D),(D),(D),(D),(D),(D),(D),(D),(D),(D),(D),(D),(D)
 "09013","Tolland, CT",1,CAGDP9,89,"...","Transportation and utilities","Thousands of chained 2012 dollars",(D),(D),(D),(D),(D),(D),(D),(D),(D),(D),(D),(D),(D),(D),(D),(D),(D),(D)
 "09013","Tolland, CT",1,CAGDP9,90,"...","Manufacturing and information","Thousands of chained 2012 dollars",336344,342714,362477,415235,462699,575579,591307,495982,388917,377196,364813,355610,399255,395498,383305,(D),(D),(D)
 "09013","Tolland, CT",1,CAGDP9,91,"...","Private goods-producing industries 2/","Thousands of chained 2012 dollars",(D),(D),(D),685398,718155,(D),(D),(D),(D),(D),(D),(D),(D),(D),(D),535807,555897,523312
 "09013","Tolland, CT",1,CAGDP9,92,"...","Private services-providing industries 3/","Thousands of chained 2012 dollars",(D),(D),(D),2722037,2678191,(D),(D),(D),(D),(D),(D),(D),(D),(D),(D),2887448,2882667,2970959
 "09015","Windham, CT",1,CAGDP9,1,"...","All industry total","Thousands of chained 2012 dollars",3978009,4301745,4273058,4311323,4526014,4951184,4651070,4452341,4263586,4438983,4627521,4514867,4603848,4491082,4553895,4537403,4606323,4661614
 "09015","Windham, CT",1,CAGDP9,2,"..."," Private industries","Thousands of chained 2012 dollars",3410051,3721177,3699344,3733193,3935649,4367759,4045082,3833401,3667114,3845486,4067115,3939150,4035356,3919655,3984501,3973828,4053930,4121729
 "09015","Windham, CT",1,CAGDP9,3,"11","  Agriculture, forestry, fishing and hunting","Thousands of chained 2012 dollars",(D),76648,82436,72577,(D),49908,30027,(D),(D),(D),(D),(D),(D),(D),(D),(D),(D),(D)
 "09015","Windham, CT",1,CAGDP9,6,"21","  Mining, quarrying, and oil and gas extraction","Thousands of chained 2012 dollars",23850,19083,22056,21309,16266,17216,18234,12698,10575,13848,12302,15641,15915,17759,28579,41347,22151,25420
 "09015","Windham, CT",1,CAGDP9,10,"22","  Utilities","Thousands of chained 2012 dollars",(D),303167,200517,204177,(D),348540,349602,208838,240884,(D),487196,374610,409408,(D),383255,447383,474886,468778
 "09015","Windham, CT",1,CAGDP9,11,"23","  Construction","Thousands of chained 2012 dollars",295689,282362,234919,174499,183041,189380,176836,(D),(D),(D),(D),(D),(D),(D),(D),(D),(D),(D)
 "09015","Windham, CT",1,CAGDP9,12,"31-33","  Manufacturing","Thousands of chained 2012 dollars",873785,877425,939451,974987,1084819,1242480,922268,784363,555246,583558,620439,643885,675691,648237,702533,635901,677981,679787
 "09015","Windham, CT",1,CAGDP9,13,"321,327-339","   Durable goods manufacturing","Thousands of chained 2012 dollars",338964,306177,326814,361757,430956,506859,322443,342525,286532,324211,342479,349133,340590,358467,392629,359532,374344,375286
 "09015","Windham, CT",1,CAGDP9,25,"311-316,322-326","   Nondurable goods manufacturing","Thousands of chained 2012 dollars",548001,586950,629518,628449,667068,748842,618028,448476,269721,259212,277885,294753,334972,289882,310096,276694,303669,304531
 "09015","Windham, CT",1,CAGDP9,34,"42","  Wholesale trade","Thousands of chained 2012 dollars",124469,131184,143067,162435,186858,199133,195194,196748,160869,155582,152454,165463,163593,170228,162657,166113,161272,164488
 "09015","Windham, CT",1,CAGDP9,35,"44-45","  Retail trade","Thousands of chained 2012 dollars",276401,287328,305718,310613,318069,300522,286002,280253,285621,297847,295146,296295,296466,306370,319277,325085,335706,341909
 "09015","Windham, CT",1,CAGDP9,36,"48-49","  Transportation and warehousing","Thousands of chained 2012 dollars",92649,85490,91910,104177,130079,170244,157358,145881,138286,140864,151632,142917,157182,162633,157130,160497,165233,160474
 "09015","Windham, CT",1,CAGDP9,45,"51","  Information","Thousands of chained 2012 dollars",45831,51445,52804,53265,63568,70784,82273,89773,85661,82026,71288,66808,87115,96922,116182,127595,105582,112237
 "09015","Windham, CT",1,CAGDP9,50,"52, 53","  Finance, insurance, real estate, rental, and leasing","Thousands of chained 2012 dollars",637498,681658,682736,722545,716531,841239,889441,967736,1031235,1049908,1061430,997466,974009,906972,878768,892119,880057,906633
 "09015","Windham, CT",1,CAGDP9,51,"52","   Finance and insurance","Thousands of chained 2012 dollars",96690,97801,95512,104172,87796,89062,86864,86283,85965,78581,79478,78399,71755,72387,75458,73083,57801,52450
 "09015","Windham, CT",1,CAGDP9,56,"53","   Real estate and rental and leasing","Thousands of chained 2012 dollars",540298,583492,586930,617948,628858,752699,803265,882238,945798,971259,981885,919067,902336,834367,802707,818776,823874,857061
 "09015","Windham, CT",1,CAGDP9,59,"54, 55, 56","  Professional and business services","Thousands of chained 2012 dollars",(D),340739,355383,336924,(D),321483,321097,325320,321599,(D),363385,388121,382273,371114,366586,351876,351895,363043
 "09015","Windham, CT",1,CAGDP9,60,"54","   Professional, scientific, and technical services","Thousands of chained 2012 dollars",123194,120285,120292,120545,113236,113520,113058,112117,113417,105918,117621,117628,111464,114125,115878,107941,108031,110819
 "09015","Windham, CT",1,CAGDP9,64,"55","   Management of companies and enterprises","Thousands of chained 2012 dollars",170751,158536,172421,154202,148308,137905,136721,134837,133163,(D),140390,163047,170335,167857,165419,163892,157792,169843
 "09015","Windham, CT",1,CAGDP9,65,"56","   Administrative and support and waste management and remediation services","Thousands of chained 2012 dollars",(D),63351,65638,63420,(D),70125,71346,78413,75073,94034,105406,107445,100525,89359,85570,80606,85948,83204
 "09015","Windham, CT",1,CAGDP9,68,"61, 62","  Educational services, health care, and social assistance","Thousands of chained 2012 dollars",394087,401564,409801,416638,414736,427834,413204,448052,459129,464764,466275,486363,477810,465704,457462,455861,456612,463863
 "09015","Windham, CT",1,CAGDP9,69,"61","   Educational services","Thousands of chained 2012 dollars",61981,62500,64147,68300,65676,66374,49340,51973,55176,54508,55807,59828,57118,59092,60012,58683,53732,54686
 "09015","Windham, CT",1,CAGDP9,70,"62","   Health care and social assistance","Thousands of chained 2012 dollars",332844,339736,346382,349383,349913,362254,363871,396020,403958,410220,410457,426535,420708,406534,397298,397070,402985,409278
 "09015","Windham, CT",1,CAGDP9,75,"71, 72","  Arts, entertainment, recreation, accommodation, and food services","Thousands of chained 2012 dollars",143639,147447,144200,133541,135037,133692,126932,117837,116695,119585,126044,127915,127432,(D),119713,116746,119971,124681
 "09015","Windham, CT",1,CAGDP9,76,"71","   Arts, entertainment, and recreation","Thousands of chained 2012 dollars",27288,21640,21994,23079,19753,19412,18068,15491,15281,17494,17096,16865,15465,14259,10688,9974,8975,9152
 "09015","Windham, CT",1,CAGDP9,79,"72","   Accommodation and food services","Thousands of chained 2012 dollars",115946,125618,121988,110105,115162,114170,108785,102348,101418,102067,108944,111050,111957,(D),108931,106666,110827,115343
 "09015","Windham, CT",1,CAGDP9,82,"81","  Other services (except government and government enterprises)","Thousands of chained 2012 dollars",120359,125954,119450,116329,108780,107111,102328,100396,102857,97437,95110,93884,90325,87673,84409,82657,83107,85957
 "09015","Windham, CT",1,CAGDP9,83,"...","Government and government enterprises","Thousands of chained 2012 dollars",573997,582482,575267,579627,590672,579617,605469,619914,597550,593902,560338,575717,568673,571210,569506,563829,553412,541735
 "09015","Windham, CT",1,CAGDP9,87,"11, 21","Natural resources and mining","Thousands of chained 2012 dollars",(D),98678,107088,95445,(D),68267,48551,(D),(D),(D),(D),(D),(D),(D),(D),(D),(D),(D)
 "09015","Windham, CT",1,CAGDP9,88,"42, 44-45","Trade","Thousands of chained 2012 dollars",403795,421425,451629,474782,505559,499205,480519,476110,446420,453418,447593,461758,460056,476599,481933,491196,496891,506313
 "09015","Windham, CT",1,CAGDP9,89,"...","Transportation and utilities","Thousands of chained 2012 dollars",(D),381684,289852,306226,(D),515142,503395,353790,377909,(D),639247,517527,566571,(D),539932,608338,640747,629936
 "09015","Windham, CT",1,CAGDP9,90,"...","Manufacturing and information","Thousands of chained 2012 dollars",907567,918612,980494,1015506,1135556,1298071,999328,872899,641914,666306,691850,710693,762685,744694,817444,759710,783972,791341
 "09015","Windham, CT",1,CAGDP9,91,"...","Private goods-producing industries 2/","Thousands of chained 2012 dollars",(D),1230677,1261174,1234319,(D),1499228,1150486,977456,739047,762356,793518,799310,869864,869035,943030,849632,919148,929644
 "09015","Windham, CT",1,CAGDP9,92,"...","Private services-providing industries 3/","Thousands of chained 2012 dollars",(D),2516526,2465058,2524160,(D),2901414,2909271,2862921,2928301,3083119,3273258,3139840,3165477,3050666,3042126,3123370,3134884,3192078
"Note: See the included footnote file."
"CAGDP9: Real GDP by county and metropolitan area 1/"
"Last updated: December 12, 2019 -- new statistics for 2001-2018. "
"Source: U.S. Department of Commerce / Bureau of Economic Analysis / Regional Economic Accounts"
